Code,ICB24CD,System,Type_1_Departments_-_Major_A&E,Type_2_Departments_-_Single_Specialty,Type_3_Departments_-_Other_A&E/Minor_Injury_Unit,Total_attendances,Type_1_Departments_-_Major_A&E,Type_2_Departments_-_Single_Specialty,Type_3_Departments_-_Other_A&E/Minor_Injury_Unit,Total_Attendances_<_4_hours,Type_1_Departments_-_Major_A&E,Type_2_Departments_-_Single_Specialty,Type_3_Departments_-_Other_A&E/Minor_Injury_Unit,Total_Attendances_>_4_hours,Percentage_in_4_hours_or_less_(all),Percentage_in_4_hours_or_less_(type_1),Percentage_in_4_hours_or_less_(type_2),Percentage_in_4_hours_or_less_(type_3),Emergency_Admissions_via_Type_1_A&E,Emergency_Admissions_via_Type_2_A&E,Emergency_Admissions_via_Type_3_and_4_A&E,Total_Emergency_Admissions_via_A&E,Other_Emergency_admissions_(i.e_not_via_A&E),Total_Emergency_Admissions,Number_of_patients_spending_>4_hours_from_decision_to_admit_to_admission,Number_of_patients_spending_>12_hours_from_decision_to_admit_to_admission
QOX,E54000040,"NHS Bath And North East Somerset, Swindon And Wiltshire Integrated Care Board",19808,345,11109,31262,10702,345,10474,21521,9106,0,635,9741,1,1,1,1,6589,0,15,6604,4303,10907,2537,457
QHG,E54000024,"NHS Bedfordshire, Luton And Milton Keynes Integrated Care Board",25601,0,15984,41585,15849,0,15958,31807,9752,0,26,9778,1,1,-,1,7061,0,0,7061,2507,9568,645,2
QHL,E54000055,NHS Birmingham And Solihull Integrated Care Board,39555,373,15578,55506,25247,373,15510,41130,14308,0,68,14376,1,1,1,1,11148,0,0,11148,7468,18616,4453,1694
QUY,E54000039,"NHS Bristol, North Somerset And South Gloucestershire Integrated Care Board",24682,2421,9122,36225,16147,2284,8791,27222,8535,137,331,9003,1,1,1,1,7277,9,0,7286,3862,11148,2007,410
QU9,E54000044,"NHS Buckinghamshire, Oxfordshire And Berkshire West Integrated Care Board",36646,5575,15222,57443,24249,5519,14777,44545,12397,56,445,12898,1,1,1,1,11762,946,48,12756,5949,18705,1569,352
QUE,E54000056,NHS Cambridgeshire And Peterborough Integrated Care Board,26488,0,11098,37586,15958,0,10839,26797,10530,0,259,10789,1,1,-,1,6552,0,49,6601,1787,8388,2416,1117
QYG,E54000008,NHS Cheshire And Merseyside Integrated Care Board,71307,3280,48556,123143,38665,3176,47394,89235,32642,104,1162,33908,1,1,1,1,21898,92,0,21990,7579,29569,9193,4470
QT6,E54000036,NHS Cornwall And The Isles Of Scilly Integrated Care Board,6655,0,11805,18460,3812,0,11320,15132,2843,0,485,3328,1,1,-,1,2320,0,64,2384,1516,3900,1019,545
QWU,E54000018,NHS Coventry And Warwickshire Integrated Care Board,27678,1648,7661,36987,18468,1567,7598,27633,9210,81,63,9354,1,1,1,1,4432,47,41,4520,1110,5630,1315,570
QHM,E54000050,NHS North East And North Cumbria Integrated Care Board,74098,2999,66113,143210,43515,2902,65448,111865,30583,97,665,31345,1,1,1,1,24431,48,844,25323,10615,35938,5247,390
QJK,E54000037,NHS Devon Integrated Care Board,29654,123,17098,46875,14938,119,16937,31994,14716,4,161,14881,1,1,1,1,8787,0,0,8787,4865,13652,2692,925
QVV,E54000041,NHS Dorset Integrated Care Board,18880,0,9065,27945,11513,0,9063,20576,7367,0,2,7369,1,1,-,1,6089,2,0,6091,3024,9115,1388,243
QMF,E54000029,NHS North East London Integrated Care Board,48950,3360,39034,91344,30597,2972,37239,70808,18353,388,1795,20536,1,1,1,1,13827,2,35,13864,1923,15787,3727,1751
QNQ,E54000034,NHS Frimley Integrated Care Board,22763,1000,12113,35876,13355,1000,11867,26222,9408,0,246,9654,1,1,1,1,6537,0,0,6537,147,6684,1760,325
QR1,E54000043,NHS Gloucestershire Integrated Care Board,14045,0,8690,22735,8818,0,8549,17367,5227,0,141,5368,1,1,-,1,2963,0,0,2963,2671,5634,783,281
QOP,E54000057,NHS Greater Manchester Integrated Care Board,87511,3524,35037,126072,51044,3377,33901,88322,36467,147,1136,37750,1,1,1,1,22678,131,722,23531,6005,29536,9336,2826
QRL,E54000042,NHS Hampshire And Isle Of Wight Integrated Care Board,39538,2710,24848,67096,24816,2603,24041,51460,14722,107,807,15636,1,1,1,1,11713,23,62,11798,5597,17395,2878,1286
QE1,E54000048,NHS Lancashire And South Cumbria Integrated Care Board,44150,0,30892,75042,27118,0,30096,57214,17032,0,796,17828,1,1,-,1,12849,0,202,13051,5081,18132,5283,2449
QGH,E54000019,NHS Herefordshire And Worcestershire Integrated Care Board,19853,1130,6099,27082,10114,1130,6013,17257,9739,0,86,9825,1,1,1,1,4181,0,0,4181,1021,5202,2945,1434
QM7,E54000025,NHS Hertfordshire And West Essex Integrated Care Board,24995,0,22777,47772,16345,0,22298,38643,8650,0,479,9129,1,1,-,1,8325,0,2,8327,1260,9587,1926,401
QOQ,E54000051,NHS Humber And North Yorkshire Integrated Care Board,35535,367,31189,67091,17921,367,29823,48111,17614,0,1366,18980,1,1,1,1,15544,0,0,15544,4710,20254,4399,1824
QJ2,E54000058,NHS Derby And Derbyshire Integrated Care Board,28967,0,24721,53688,16393,0,24203,40596,12574,0,518,13092,1,1,-,1,6034,0,39,6073,2143,8216,2596,811
QKS,E54000032,NHS Kent And Medway Integrated Care Board,54596,0,42676,97272,38568,0,41458,80026,16028,0,1218,17246,1,1,-,1,13001,0,716,13717,1796,15513,4374,2027
QK1,E54000015,"NHS Leicester, Leicestershire And Rutland Integrated Care Board",21979,2150,17650,41779,13046,1959,17174,32179,8933,191,476,9600,1,1,1,1,6661,5,0,6666,4063,10729,1955,619
QJM,E54000013,NHS Lincolnshire Integrated Care Board,16570,0,12698,29268,9683,0,12244,21927,6887,0,454,7341,1,1,-,1,4934,0,0,4934,1037,5971,1931,946
QH8,E54000026,NHS Mid And South Essex Integrated Care Board,30205,0,4085,34290,21484,0,3963,25447,8721,0,122,8843,1,1,-,1,8682,0,163,8845,1141,9986,2507,483
QMM,E54000022,NHS Norfolk And Waveney Integrated Care Board,26697,0,9869,36566,17287,0,9864,27151,9410,0,5,9415,1,1,-,1,5560,0,0,5560,2343,7903,2408,679
QMJ,E54000028,NHS North Central London Integrated Care Board,48395,6226,15099,69720,32799,6067,14484,53350,15596,159,615,16370,1,1,1,1,9373,4,96,9473,1241,10714,4184,2430
QRV,E54000027,NHS North West London Integrated Care Board,50762,3895,49313,103970,30788,3698,48041,82527,19974,197,1272,21443,1,1,1,1,14314,2,0,14316,1776,16092,3120,502
QPM,E54000059,NHS Northamptonshire Integrated Care Board,20460,856,9881,31197,12703,814,9725,23242,7757,42,156,7955,1,1,1,1,4018,0,0,4018,685,4703,2428,1066
QT1,E54000060,NHS Nottingham And Nottinghamshire Integrated Care Board,23859,2142,14858,40859,12002,2000,13230,27232,11857,142,1628,13627,1,1,1,1,7678,0,815,8493,4813,13306,1925,838
QKK,E54000030,NHS South East London Integrated Care Board,40998,0,37764,78762,22958,0,36465,59423,18040,0,1299,19339,1,1,-,1,9803,0,0,9803,1041,10844,4259,1329
QOC,E54000011,"NHS Shropshire, Telford And Wrekin Integrated Care Board",10459,0,5958,16417,4774,0,5634,10408,5685,0,324,6009,1,0,-,1,3138,0,162,3300,2180,5480,1884,1492
QSL,E54000038,NHS Somerset Integrated Care Board,12710,0,8427,21137,6668,0,8300,14968,6042,0,127,6169,1,1,-,1,3119,0,0,3119,1711,4830,305,100
QWE,E54000031,NHS South West London Integrated Care Board,39669,0,19624,59293,25120,0,18913,44033,14549,0,711,15260,1,1,-,1,8245,0,233,8478,1611,10089,4045,2207
QF7,E54000061,NHS South Yorkshire Integrated Care Board,45351,1245,13008,59604,30088,1167,12569,43824,15263,78,439,15780,1,1,1,1,12565,0,383,12948,5733,18681,3125,171
QNC,E54000010,NHS Staffordshire And Stoke-On-Trent Integrated Care Board,15523,507,8663,24693,7693,507,8493,16693,7830,0,170,8000,1,0,1,1,4652,0,0,4652,1627,6279,2065,1003
QJG,E54000023,NHS Suffolk And North East Essex Integrated Care Board,20312,0,14030,34342,11031,0,13332,24363,9281,0,698,9979,1,1,-,1,8185,0,344,8529,1282,9811,2577,970
QXU,E54000063,NHS Surrey Heartlands Integrated Care Board,24982,0,9605,34587,15072,0,9478,24550,9910,0,127,10037,1,1,-,1,8186,0,0,8186,2771,10957,2256,747
QNX,E54000064,NHS Sussex Integrated Care Board,38956,1510,24381,64847,24624,1445,23992,50061,14332,65,389,14786,1,1,1,1,11237,32,51,11320,2880,14200,1547,608
QUA,E54000062,NHS Black Country Integrated Care Board,41497,1106,26082,68685,27387,950,25719,54056,14110,156,363,14629,1,1,1,1,14549,0,90,14639,4650,19289,6013,1118
QWO,E54000054,NHS West Yorkshire Integrated Care Board,66101,2241,23499,91841,46191,2241,23187,71619,19910,0,312,20222,1,1,1,1,14176,0,173,14349,4320,18669,6013,867
